{"Mean": [0.7635212557080773, 0.5461279508434921, 0.5705303582621197], "Std": [0.08962782189107416, 0.11830749629626626, 0.13295368820124384]}